{
    "train_loss": [
        0.5348001975245243,
        0.3558724130807298,
        0.3043005090304528,
        0.35177176565713203,
        0.26980843542890154,
        0.2305760658189152,
        0.20798677697163842,
        0.17086679792582765,
        0.1716811056370927,
        0.17125072999951546,
        0.10442824220835939,
        0.1189682963565829,
        0.10816126725591077,
        0.09943104725442688,
        0.0928894497928548,
        0.07261729737122853
    ],
    "train_acc": [
        0.7191011235955056,
        0.8333333333333334,
        0.8614232209737828,
        0.846441947565543,
        0.8782771535580525,
        0.9044943820224719,
        0.9063670411985019,
        0.9250936329588015,
        0.9307116104868914,
        0.9250936329588015,
        0.9625468164794008,
        0.9588014981273408,
        0.9588014981273408,
        0.9644194756554307,
        0.9719101123595506,
        0.9662921348314607
    ],
    "train_precision": [
        0.7394957983193278,
        0.8378378378378378,
        0.8682170542635659,
        0.8699186991869918,
        0.8540925266903915,
        0.9209486166007905,
        0.8962962962962963,
        0.9375,
        0.9348659003831418,
        0.9210526315789473,
        0.9656488549618321,
        0.9548872180451128,
        0.9618320610687023,
        0.9693486590038314,
        0.9628252788104089,
        0.9694656488549618
    ],
    "train_recall": [
        0.6666666666666666,
        0.821969696969697,
        0.8484848484848485,
        0.8106060606060606,
        0.9090909090909091,
        0.8825757575757576,
        0.9166666666666666,
        0.9090909090909091,
        0.9242424242424242,
        0.928030303030303,
        0.9583333333333334,
        0.9621212121212122,
        0.9545454545454546,
        0.9583333333333334,
        0.9810606060606061,
        0.9621212121212122
    ],
    "train_f1": [
        0.701195219123506,
        0.8298279158699808,
        0.8582375478927203,
        0.8392156862745098,
        0.8807339449541285,
        0.9013539651837524,
        0.9063670411985019,
        0.9230769230769231,
        0.9295238095238095,
        0.9245283018867925,
        0.9619771863117871,
        0.9584905660377359,
        0.9581749049429658,
        0.9638095238095238,
        0.9718574108818011,
        0.9657794676806084
    ],
    "val_loss": [
        1.133763871694866,
        1.8754503726959229,
        0.5669865670957064,
        0.3897563454351927,
        0.20393308056028267,
        0.2960914200858066,
        0.22989014889064588,
        0.291021245090585,
        0.21953790595656947,
        0.20345893345381083,
        0.1654958411266929,
        0.22015640374861264,
        0.2324689728649039,
        0.17224116701828807,
        0.4251395714910407,
        0.2658007301782307
    ],
    "val_acc": [
        0.506578947368421,
        0.46710526315789475,
        0.7828947368421053,
        0.8486842105263158,
        0.9276315789473685,
        0.881578947368421,
        0.8881578947368421,
        0.9078947368421053,
        0.9013157894736842,
        0.9078947368421053,
        0.9144736842105263,
        0.9013157894736842,
        0.9342105263157895,
        0.9144736842105263,
        0.8618421052631579,
        0.9144736842105263
    ],
    "val_precision": [
        0.9333333333333333,
        1.0,
        1.0,
        0.9850746268656716,
        0.9529411764705882,
        0.9487179487179487,
        0.898876404494382,
        0.9404761904761905,
        0.9294117647058824,
        0.9404761904761905,
        0.9310344827586207,
        0.8924731182795699,
        0.9642857142857143,
        0.9518072289156626,
        1.0,
        0.9120879120879121
    ],
    "val_recall": [
        0.1590909090909091,
        0.07954545454545454,
        0.625,
        0.75,
        0.9204545454545454,
        0.8409090909090909,
        0.9090909090909091,
        0.8977272727272727,
        0.8977272727272727,
        0.8977272727272727,
        0.9204545454545454,
        0.9431818181818182,
        0.9204545454545454,
        0.8977272727272727,
        0.7613636363636364,
        0.9431818181818182
    ],
    "val_f1": [
        0.27184466019417475,
        0.14736842105263157,
        0.7692307692307693,
        0.8516129032258064,
        0.9364161849710982,
        0.891566265060241,
        0.903954802259887,
        0.9186046511627907,
        0.9132947976878613,
        0.9186046511627907,
        0.9257142857142857,
        0.9171270718232044,
        0.9418604651162791,
        0.9239766081871345,
        0.864516129032258,
        0.9273743016759777
    ]
}